{"1": 1.234567190, "2": 1.234567111, "3": 1.234566901, "4": 1.234567553423423423432, "5": 1, "6": 1, "7": 1}